gene,rsid,variant,NPid
CYP1B1,rs10012,R48G,NP_000095.2:p.Arg48Gly
GRK4,rs1024323,A142V,NP_001004057.1:p.Ala142Val
CYP2C9,rs1029359343,R307K,NP_000762.2:p.Arg307Lys
GLP1R,rs10305420,P7L,NP_002053.3:p.Pro7Leu
ZNF568,rs10405238,Y488D,NP_001191767.1:p.Tyr488Asp
ZNF134,rs10413455,A46S,NP_003426.3:p.Ala46Ser
SULT1A1,rs1042008,H71Y,NP_803880.1:p.His71Tyr
SULT1A1,rs1042028,R135H,NP_803880.1:p.Arg135His
HLA-DPA1,rs1042136,I94L,NP_002112.3:p.Ile94Leu
HLA-DPA1,rs1042151,M105V,NP_002112.3:p.Met105Val
TP53,rs1042522,P33H,NP_001119590.1:p.Pro33His
UGT1A8,rs1042597,A173G,NP_061949.3:p.Ala173Gly
ADRB2,rs1042713,G16R,NP_000015.1:p.Arg16Gly
ADRB2,rs1042714,Q27E,NP_000015.1:p.Gln27Glu
ADRB2,rs1042718,R175W,NP_000015.2:p.Arg175Trp
HSPA1A,rs1043620,I74M,NP_005336.3:p.Ile74Met
CHRNA4,rs1044394,C226W,NP_000735.1:p.Cys226Trp
CHRNA4,rs1044396,S543R,NP_000735.1:p.Ser543Arg
ABCB1,rs1045642,I1145M,NP_000918.2:p.Ile1145Met
HSD3B1,rs1047303,T367I,NP_000853.1:p.Thr367Ile
SLC30A9,rs1047626,M50L,NP_006336.3:p.Met50Leu
ADRA1A,rs1048101,C347R,NP_150646.3:p.Cys347Arg
PDIA2,rs1048786,P502T,NP_006840.2:p.Pro502Thr
KCNH2,rs104894021,N588K,NP_000229.1:p.Asn588Lys
VKORC1,rs104894539,V29L,NP_001298240.1:p.Val29Leu
VKORC1,rs104894540,V45A,NP_996560.1:p.Val45Ala
VKORC1,rs104894541,R58G,NP_996560.1:p.Arg58Gly
PRSS53,rs104894542,L128R,NP_076869.1:p.Leu128Arg
GLA,rs104894827,R356W,NP_000160.1:p.Arg356Trp
GLA,rs104894828,R301L,NP_000160.1:p.Arg301Leu
ARMS2,rs10490924,A69S,NP_001093137.1:p.Ala69Ser
SLC22A4,rs1050152,L503F,NP_003050.2:p.Leu503Phe
CYP2C8,rs10509681,K297R,NP_001185783.1:p.Lys297Arg
SLC19A1,rs1051266,H27R,NP_001192135.1:p.His27Arg
CYP1B1,rs1056827,A119S,NP_000095.2:p.Ala119Ser
CBR3,rs1056892,V244M,NP_001227.1:p.Val244Met
POR,rs1057868,A503V,NP_000932.3:p.Ala503Val
CYP2C9,rs1057910,I359L,NP_000762.2:p.Ile359Leu
SLC28A2,rs1060896,S75R,NP_004203.2:p.Ser75Arg
CFH,rs1061170,H402Y,NP_000177.2:p.His402Tyr
TNFRSF1B,rs1061622,M196R,NP_001057.1:p.Met196Arg
B4GALT2,rs1061781,I303M,NP_003771.1:p.Ile303Met
CYP2D6,rs1065852,P34A,NP_000097.3:p.Pro34Ala
HLA-B,rs1071816,Y91S,NP_005505.2:p.Tyr91Ser
CACNA1C,rs10774053,M1821V,NP_001123302.2:p.Met1821Val
FMO1,rs10912675,M1T,NP_001269621.1:p.Met1Thr
SLCO1B1,rs11045819,P155T,NP_006437.3:p.Pro155Thr
UGT1A10,rs1105879,R184S,NP_001063.2:p.Arg184Ser
LGALS3,rs11125,Q201H,NP_002297.2:p.Gln201His
PRSS53,rs11150606,Q30R,NP_001034592.1:p.Gln30Arg
CYP2A6,rs111869995,M275I,NP_000753.3:p.Met275Ile
IL23R,rs11209026,R381Q,NP_653302.2:p.Arg381Gln
SLC14A2,rs1123617,V750F,NP_009094.3:p.Val750Phe
KRAS,rs112445441,G13V,NP_203524.1:p.Gly13Val
AKR1C4,rs11253043,G135E,NP_001809.3:p.Gly135Glu
UGT2B10,rs112561475,N481D,NP_001066.1:p.Asn481Asp
DDRGK1,rs1127354,P32T,NP_258412.1:p.Pro32Thr
CCL11,rs1129844,A23P,NP_002977.1:p.Ala23Pro
ERBB2,rs1136201,I655V,NP_004439.2:p.Ile655Val
LEPR,rs1137101,Q223R,NP_001003680.1:p.Gln223Arg
GSTP1,rs1138272,A114V,NP_000843.1:p.Ala114Val
CFTR,rs113993958,D110H,NP_000483.3:p.Asp110His
CFTR,rs113993959,G542R,NP_000483.3:p.Gly542Arg
PAX4,rs114202595,R129W,NP_001353039.1:p.Arg129Trp
TPMT,rs1142345,Y240C,NP_000358.1:p.Tyr240Cys
CYP2A6,rs114558780,T378I,NP_000753.3:p.Thr378Ile
DPYD,rs115232898,Y186C,NP_000101.2:p.Tyr186Cys
GGH,rs11545077,A31S,NP_003869.1:p.Ala31Ser
GGH,rs11545078,T151I,NP_003869.1:p.Thr151Ile
TNFSF12-TNFSF13,rs11552708,G67R,NP_003799.1:p.Gly67Arg
RRP7A,rs11553441,V88L,NP_056518.2:p.Val88Leu
CFTR,rs115545701,R74W,NP_000483.3:p.Arg74Trp
ETFDH,rs11559290,T31I,NP_004444.2:p.Thr31Ile
SLC22A8,rs11568482,I214F,NP_001171662.1:p.Ile214Phe
ABCC4,rs11568658,G187W,NP_001288758.1:p.Gly187Trp
CYP2C8,rs11572080,R139K,NP_000761.3:p.Arg139Lys
NUDT15,rs116855232,R139C,NP_060753.1:p.Arg139Cys
UGT1A10,rs11692021,W208R,NP_061950.2:p.Trp208Arg
KCNIP1,rs11739136,E65K,NP_004128.1:p.Glu65Lys
KMT2E,rs117986340,G999C,NP_891847.1:p.Gly999Cys
RYR1,rs118192172,R614C,NP_000531.2:p.Arg614Cys
SLC28A2,rs11854484,P22L,NP_004203.2:p.Pro22Leu
CYP2C19,rs1187513719,Q193R,NP_000760.1:p.Gln193Arg
MUC16,rs11882256,V8969M,NP_078966.2:p.Val8969Met
ABCG5,rs11887534,D19N,NP_071882.1:p.Asp19Asn
CFTR,rs11971167,D1270N,NP_000483.3:p.Asp1270Asn
DPYD,rs1212037891,Y109N,NP_000101.2:p.Tyr109Asn
EGFR,rs121434568,L858R,NP_005219.2:p.Leu858Arg
EGFR,rs121434569,T790M,NP_005219.2:p.Thr790Met
SCN4A,rs121908547,T1313M,NP_000325.4:p.Thr1313Met
SCN4A,rs121908560,N1297K,NP_000325.4:p.Asn1297Lys
CFTR,rs121908751,E92K,NP_000483.3:p.Glu92Lys
CFTR,rs121908752,L206W,NP_000483.3:p.Leu206Trp
CFTR,rs121908753,R352Q,NP_000483.3:p.Arg352Gln
CFTR,rs121908755,S549N,NP_000483.3:p.Ser549Asn
CFTR,rs121908757,S549R,NP_000483.3:p.Ser549Arg
CFTR,rs121909005,S549R,NP_000483.3:p.Ser549Arg
CFTR,rs121909011,R334W,NP_000483.3:p.Arg334Trp
CFTR,rs121909013,G551S,NP_000483.3:p.Gly551Ser
CFTR,rs121909019,R1066L,NP_000483.3:p.Arg1066Leu
CFTR,rs121909020,A1067P,NP_000483.3:p.Ala1067Pro
CFTR,rs121909041,S1255P,NP_000483.3:p.Ser1255Pro
CFTR,rs121909047,A561E,NP_000483.3:p.Ala561Glu
SLC22A1,rs12208357,R61C,NP_694857.1:p.Arg61Cys
UGT2B7,rs12233719,A71T,NP_001065.2:p.Ala71Thr
ADH1B,rs1229984,H48R,NP_000659.2:p.His48Arg
PDE3A,rs12305038,D12N,NP_000912.3:p.Asp12Asn
VEGFB,rs12366035,D136E,NP_003368.1:p.Asp136Glu
PIGM,rs12409352,F365L,NP_660150.1:p.Phe365Leu
SLCO2B1,rs12422149,R168Q,NP_001138684.1:p.Arg168Gln
SCAP,rs12487736,V798F,NP_036367.2:p.Val798Phe
GCKR,rs1260326,L446R,NP_001477.2:p.Leu446Arg
MIEF2,rs12603700,G324E,NP_631901.2:p.Gly324Glu
KCNH2,rs12720441,R444G,NP_001191727.1:p.Arg444Gly
AGTR1,rs12721226,A192T,NP_114438.2:p.Ala192Thr
CYP3A,rs12721627,T185S,NP_059488.2:p.Thr185Ser
SULT1A3,rs1293732453,R144C,NP_808220.1:p.Arg144Cys
CCHCR1,rs130072,R716Q,NP_001099034.1:p.Arg716Gln
CYP2A6,rs1302192284,I434V,NP_000753.3:p.Ile434Val
CYP2A6,rs1303839356,V323M,NP_000753.3:p.Val323Met
SLC30A8,rs13266634,R276W,NP_001166285.1:p.Arg276Trp
SULT1A3,rs1328799050,K234N,NP_808220.1:p.Lys234Asn
DPYD,rs1335150891,H807R,NP_000101.2:p.His807Arg
APOB,rs1367117,T98I,NP_000375.3:p.Thr98Ile
CYP2A6,rs137904044,E330D,NP_000753.3:p.Glu330Asp
PAH,rs138809906,I174N,NP_000268.1:p.Ile174Asn
CYP2A6,rs140471703,R265Q,NP_000753.3:p.Arg265Gln
CFTR,rs141033578,S977F,NP_000483.3:p.Ser977Phe
CYP2A6,rs143690364,V68M,NP_000753.3:p.Val68Met
DPYD,rs143879757,T298M,NP_000101.2:p.Thr298Met
CYP2C19,rs144928727,Q22R,NP_000760.1:p.Gln22Arg
CYP2C19,rs145119820,V113I,NP_000760.1:p.Val113Ile
CYP2A6,rs145157460,R257C,NP_000753.3:p.Arg257Cys
CYP2A6,rs145308399,E97K,NP_000753.3:p.Glu97Lys
CYP2A6,rs148693084,I300T,NP_000753.3:p.Ile300Thr
DPYD,rs148994843,V515I,NP_000101.2:p.Val515Ile
CFTR,rs150212784,F1052L,NP_000483.3:p.Phe1052Leu
BCHE,rs1560022535,E469Q,NP_000046.1:p.Glu469Gln
SCN4A,rs1567817380,I1310N,NP_000325.4:p.Ile1310Asn
GLA,rs1569304898,G85A,NP_000160.1:p.Gly85Ala
GP6,rs1613662,P219A,NP_057447.5:p.Pro219Ala
DHFR,rs1650697,I79L,NP_002430.3:p.Ile79Leu
CLCC1,rs168107,S318R,NP_055942.1:p.Ser318Arg
OR52E1,rs16909440,N5S,NP_001005164.2:p.Asn5Ser
CYP2D6,rs16947,R296S,NP_000097.3:p.Arg296Ser
GSTP1,rs1695,I105V,NP_000843.1:p.Ile105Val
CHRNA3,rs16969968,D398N,NP_000736.2:p.Asp398Asn
LGR5,rs17109924,V594A,NP_001264156.1:p.Val594Ala
AKR1C4,rs17134592,L311V,NP_001809.3:p.Leu311Val
ABCB5,rs17143212,T131N,NP_001157413.1:p.Thr131Asn
ABCC2,rs17222723,V1188E,NP_000383.2:p.Val1188Glu
FMO3,rs1736557,V194M,NP_001306103.1:p.Val194Met
ABCC4,rs1751034,K1116N,NP_005836.2:p.Lys1116Asn
AMPD1,rs17602729,Q45K,NP_000027.2:p.Gln45Lys
ERCC5,rs17655,D1104H,NP_000114.3:p.Asp1104His
CDH23,rs17712523,V1675I,NP_071407.4:p.Val1675Ile
HLA-DRB1,rs17885382,R54L,NP_002115.2:p.Arg54Leu
TLR7,rs179008,Q11P,NP_057646.1:p.Gln11Pro
XRCC1,rs1799782,R194W,NP_006288.2:p.Arg194Trp
ERCC2,rs1799793,D312N,NP_000391.1:p.Asp312Asn
BCHE,rs1799807,D98G,NP_000046.1:p.Asp98Gly
TF,rs1799852,L247M,NP_001054.2:p.Leu247Met
CYP2C9,rs1799853,R144C,NP_000762.2:p.Arg144Cys
OPRM1,rs1799971,N40D,NP_001008504.2:p.Asn40Asp
NOS3,rs1799983,D298E,NP_000594.2:p.Asp298Glu
ADRA2A,rs1800035,N266K,NP_000672.3:p.Asn266Lys
CFTR,rs1800100,R668C,NP_000483.3:p.Arg668Cys
CFTR,rs1800111,L997F,NP_000483.3:p.Leu997Phe
TPMT,rs1800460,A154T,NP_000358.1:p.Ala154Thr
TGFB1,rs1800470,P10R,NP_000651.3:p.Pro10Arg
TGFB1,rs1800471,R25Q,NP_000651.3:p.Arg25Gln
ANKK1,rs1800497,E713K,NP_848605.1:p.Glu713Lys
CACNA1S,rs1800559,R1086H,NP_000060.2:p.Arg1086His
NQO1,rs1800566,P187S,NP_000894.1:p.Pro187Ser
ADRB2,rs1800888,T164I,NP_000015.2:p.Thr164Ile
GGH,rs1800909,C6R,NP_003869.1:p.Cys6Arg
UMPS,rs1801019,G213A,NP_000364.1:p.Gly213Ala
GRK4,rs1801058,V454A,NP_001004056.1:p.Val454Ala
C1orf167,rs1801131,E429A,NP_005948.3:p.Glu429Ala
CLCN6,rs1801133,A222V,NP_005948.3:p.Ala222Val
DPYD,rs1801158,S534N,NP_000101.2:p.Ser534Asn
DPYD,rs1801159,I543V,NP_000101.2:p.Ile543Val
DPYD,rs1801160,V732I,NP_000101.2:p.Val732Ile
ADRB1,rs1801252,S49G,NP_000675.1:p.Ser49Gly
ADRB1,rs1801253,G389R,NP_000675.1:p.Gly389Arg
NEUROD1,rs1801262,T45S,NP_002491.3:p.Thr45Ser
DPYD,rs1801265,C29R,NP_001153773.1:p.Cys29Arg
DPYD,rs1801266,R235W,NP_000101.2:p.Arg235Trp
DPYD,rs1801268,V995F,NP_000101.2:p.Val995Phe
CYP2A6,rs1801272,L160H,NP_000753.3:p.Leu160His
FCGR2A,rs1801274,H166P,NP_067674.2:p.His166Pro
IRS1,rs1801278,G971R,NP_005535.1:p.Gly971Arg
PPARG,rs1801282,P12A,NP_056953.2:p.Pro12Ala
FASTKD3,rs1801394,I49M,NP_076915.2:p.Ile49Met
APOB,rs1801701,R3638Q,NP_000375.3:p.Arg3638Gln
BCHE,rs1803274,A567T,NP_000046.1:p.Ala567Thr
NCOA1,rs1804645,P1272S,NP_003734.3:p.Pro1272Ser
IL4R,rs1805010,I75L,NP_000409.1:p.Ile75Leu
IL4R,rs1805015,S488P,NP_001244336.1:p.Ser488Pro
MTR,rs1805087,D919G,NP_000245.2:p.Asp919Gly
LEPR,rs1805094,K656N,NP_001185617.1:p.Lys656Asn
CYP2C19,rs183701923,R186C,NP_000760.1:p.Arg186Cys
CFTR,rs186045772,F1074L,NP_000483.3:p.Phe1074Leu
KDR,rs1870377,Q472H,NP_002244.1:p.Gln472His
DPYD,rs188052243,N893S,NP_000101.2:p.Asn893Ser
CHAT,rs1880676,D7N,NP_001136405.1:p.Asp7Asn
UGT2B15,rs1902023,Y85D,NP_001067.2:p.Tyr85Asp
GLA,rs190347120,D264N,NP_000160.1:p.Asp264Asn
FLT3,rs1933437,T227M,NP_004110.2:p.Thr227Met
CFTR,rs193922525,G1349D,NP_000483.3:p.Gly1349Asp
SHMT1,rs1979277,L474F,NP_004160.3:p.Leu474Phe
CYP2A6,rs199515342,R64S,NP_000753.3:p.Arg64Ser
CYP2A6,rs200554095,I61F,NP_000753.3:p.Ile61Phe
CES1,rs200707504,E220G,NP_001257.4:p.Glu220Gly
UGT1A10,rs2011425,L48M,NP_009051.1:p.Leu48Met
ADRA2A,rs201376588,R3C,NP_000672.3:p.Arg3Cys
BCHE,rs201820739,G143D,NP_000046.1:p.Gly143Asp
HLA-DRB1,rs201929247,S133L,NP_002115.2:p.Ser133Leu
CFTR,rs202179988,R1070W,NP_000483.3:p.Arg1070Trp
ABCB1,rs2032582,S893A,NP_000918.2:p.Ser893Ala
KIF6,rs20455,W719R,NP_001275953.1:p.Trp170Arg
TNFRSF10A,rs20575,R209T,NP_003835.3:p.Arg209Thr
ADH1B,rs2066702,R370C,NP_000659.2:p.Arg370Cys
NOD2,rs2066844,R675W,NP_001280486.1:p.Arg675Trp
UGT1A10,rs2070959,T181A,NP_001063.2:p.Thr181Ala
ARSA,rs2071421,N352S,NP_000478.3:p.Asn352Ser
TAPBP,rs2071888,T260R,NP_003181.3:p.Thr260Arg
CDA,rs2072671,K27Q,NP_001776.1:p.Lys27Gln
TCF19,rs2073724,P241L,NP_001305837.1:p.Pro241Leu
CYP4F2,rs2108622,V433M,NP_001073.3:p.Val433Met
ABCC10,rs2125739,I920T,NP_258261.2:p.Ile920Thr
TRPV1,rs222749,P91S,NP_061197.4:p.Pro91Ser
HSPA1A,rs2227956,T493M,NP_005518.3:p.Thr493Met
EGFR,rs2227983,R521K,NP_958439.1:p.Arg521Lys
XPC,rs2228000,A499V,NP_004619.3:p.Ala499Val
TMEM43,rs2228001,Q939E,NP_004619.3:p.Gln939Glu
POLR2A,rs2228130,N764K,NP_000928.1:p.Asn764Lys
LRP2,rs2228171,A2872T,NP_004516.2:p.Ala2872Thr
MC1R,rs2228479,V92M,NP_002377.4:p.Val92Met
ABCB1,rs2229109,S400N,NP_000918.2:p.Ser400Asn
PRCP,rs2229437,E133D,NP_955450.2:p.Glu133Asp
RARG,rs2229774,S416L,NP_001036193.1:p.Ser416Leu
ABCA1,rs2230806,R219K,NP_005493.2:p.Arg219Lys
ABCA1,rs2230808,K1587R,NP_005493.2:p.Lys1587Arg
ABCG2,rs2231137,V12M,NP_004818.2:p.Val12Met
ABCG2,rs2231142,Q141K,NP_004818.2:p.Gln141Lys
EPHX1,rs2234922,H139R,NP_000111.1:p.His139Arg
MTHFD1,rs2236225,R653Q,NP_005947.3:p.Arg653Gln
TBX21,rs2240017,H33Q,NP_037483.1:p.His33Gln
SLC28A1,rs2242046,D521N,NP_001274691.1:p.Asp521Asn
TRPV1,rs224534,T469I,NP_061197.4:p.Thr469Ile
AKNA,rs2250242,S1184P,NP_001304881.1:p.Ser1184Pro
SLC15A2,rs2257212,L350V,NP_066568.3:p.Leu350Val
FMO3,rs2266780,E308G,NP_001002294.1:p.Glu308Gly
FMO3,rs2266782,E95K,NP_001306103.1:p.Glu95Lys
ABCC2,rs2273697,V417I,NP_000383.1:p.Val417Ile
CR1,rs2274567,H1658R,NP_000642.3:p.His1658Arg
MADD,rs2279238,S99R,NP_005684.2:p.Ser99Arg
CYP2B6,rs2279343,K262R,NP_000758.1:p.Lys262Arg
SLC22A1,rs2282143,P341L,NP_003048.1:p.Pro341Leu
AHRR,rs2292596,P185A,NP_001364165.1:p.Pro185Ala
TRIB3,rs2295490,Q84R,NP_066981.2:p.Gln84Arg
DPYD,rs2297595,M166V,NP_000101.2:p.Met166Val
KCNIP1,rs2301149,V110L,NP_004128.1:p.Val110Leu
TBXT,rs2305089,G177D,NP_003172.1:p.Gly177Asp
SLCO2B1,rs2306168,S464F,NP_001138683.1:p.Ser464Phe
SLCO1B1,rs2306283,N130H,NP_006437.3:p.Asn130His
CES1,rs2307240,S75N,NP_001257.4:p.Ser75Asn
CTLA4,rs231775,T17S,NP_005205.2:p.Thr17Ser
ERCC1,rs2336219,D396N,NP_001284519.1:p.Asp396Asn
SUMO4,rs237025,V55L,NP_001002255.1:p.Val55Leu
ATIC,rs2372536,T116S,NP_004035.2:p.Thr116Ser
CYP2E1,rs2515641,F421L,NP_000764.1:p.Phe421Leu
XRCC1,rs25487,Q399R,NP_006288.2:p.Gln399Arg
CFTR,rs267606723,G1244V,NP_000483.3:p.Gly1244Val
ALDH5A1,rs2760118,H180Y,NP_001071.1:p.His180Tyr
AQP1,rs28362731,G165D,NP_932766.1:p.Gly165Asp
ABCC1,rs28364006,T1337A,NP_004987.2:p.Thr1337Ala
UGT2B7,rs28365063,R124S,NP_001065.2:p.Arg124Ser
CYP2D6,rs28371706,T107N,NP_000097.3:p.Thr107Asn
CYP3A4,rs28371759,L292P,NP_001189784.1:p.Leu292Pro
NPIPB8,rs28374453,F247L,NP_803566.1:p.Phe247Leu
CYP2A6,rs28399468,R485L,NP_000753.3:p.Arg485Leu
CYP2B6,rs28399499,I328T,NP_000758.1:p.Ile328Thr
CYP2C19,rs28399504,M1L,NP_000760.1:p.Met1Leu
ALDH1L1,rs2886059,V330L,NP_036322.2:p.Val330Leu
UGT1A10,rs28898617,Q6R,NP_061966.1:p.Gln6Arg
BCHE,rs28933389,T271M,NP_000046.1:p.Thr271Met
BCHE,rs28933390,G418A,NP_000046.1:p.Gly418Ala
GLA,rs28935195,A156T,NP_000160.1:p.Ala156Thr
GLA,rs28935490,D313Y,NP_000160.1:p.Asp313Tyr
FLT4,rs307821,R1324L,NP_891555.2:p.Arg1324Leu
FLT4,rs307826,T494A,NP_891555.2:p.Thr494Ala
FANCI,rs3087374,Q1236H,NP_001119603.1:p.Gln1236His
REV1,rs3087403,V138M,NP_001032961.1:p.Val138Met
CYP4F2,rs3093105,W12G,NP_001073.3:p.Trp12Gly
TAPBP,rs3130100,T310A,NP_001138810.1:p.Thr310Ala
APOA5,rs3135506,S19L,NP_443200.2:p.Ser19Leu
SLC22A2,rs316019,S270A,NP_003049.2:p.Ser270Ala
SH2B3,rs3184504,W262G,NP_005466.1:p.Trp262Gly
MTRF1L,rs3192723,V214I,NP_061914.3:p.Val214Ile
CYP2B6,rs3211371,R487S,NP_000758.1:p.Arg487Ser
CD3EAP,rs3212986,Q506K,NP_001284519.1:p.Gln506Lys
FAAH,rs324420,P129T,NP_001432.2:p.Pro129Thr
SLC22A1,rs34059508,G465R,NP_003048.1:p.Gly465Arg
SLC22A1,rs34130495,G401S,NP_694857.1:p.Gly401Ser
KDR,rs34231037,C482R,NP_002244.1:p.Cys482Arg
CFTR,rs34911792,S1235R,NP_000483.3:p.Ser1235Arg
MROH2A,rs34993780,Y218D,NP_995584.1:p.Tyr218Asp
CD33,rs35112940,G304R,NP_001763.3:p.Gly304Arg
FGFR4,rs351855,G388R,NP_998812.1:p.Gly388Arg
CYP2B6,rs35303484,M46L,NP_000758.1:p.Met46Leu
UGT1A1,rs35350960,P229L,NP_000454.1:p.Pro229Leu
CMPK1,rs35687416,Q80H,NP_057392.1:p.Gln80His
CRYBG2,rs36024412,S902Y,NP_001034864.2:p.Ser902Tyr
HTT,rs362272,V2788F,NP_002102.4:p.Val2788Phe
CFTR,rs368505753,P67L,NP_000483.3:p.Pro67Leu
GLA,rs372966991,R112H,NP_000160.1:p.Arg112His
ABCC2,rs3740066,I1324M,NP_000383.2:p.Ile1324Met
CHRNA3,rs3743075,K97N,NP_000734.2:p.Lys97Asn
SLC14A2,rs3745009,A880T,NP_001229621.1:p.Ala880Thr
CYP2A6,rs374515279,R64H,NP_000753.3:p.Arg64His
CYP2A7P1,rs3745274,Q172H,NP_000758.1:p.Gln172His
IKBKE,rs3748022,P713L,NP_054721.1:p.Pro713Leu
SLC16A7,rs3763980,T445S,NP_001257552.1:p.Thr445Ser
CYP2A6,rs376817657,E390Q,NP_000753.3:p.Glu390Gln
TLR3,rs3775291,L412V,NP_003256.1:p.Leu412Val
GABRQ,rs3810651,I478L,NP_061028.3:p.Ile478Leu
CORO7,rs3810818,E384V,NP_612449.2:p.Glu384Val
CHAT,rs3810950,A120T,NP_065574.3:p.Ala120Thr
CHIA,rs3818822,G102R,NP_970615.2:p.Gly102Arg
AKR1C4,rs3829125,S145Y,NP_001809.4:p.Ser145Tyr
FCGR3A,rs396991,F281I,NP_001121068.1:p.Phe175Val
CFTR,rs397508139,I336K,NP_000483.3:p.Ile336Lys
CFTR,rs397508256,E56K,NP_000483.3:p.Glu56Lys
CFTR,rs397508288,D579A,NP_000483.3:p.Asp579Ala
CFTR,rs397508328,M1V,NP_000483.3:p.Met1Val
CFTR,rs397508435,L927P,NP_000483.3:p.Leu927Pro
CFTR,rs397508442,S945L,NP_000483.3:p.Ser945Leu
CFTR,rs397508453,G970R,NP_000483.3:p.Gly970Arg
CFTR,rs397508510,H1054D,NP_000483.3:p.His1054Asp
CFTR,rs397508513,K1060T,NP_000483.3:p.Lys1060Thr
CFTR,rs397508537,D110E,NP_000483.3:p.Asp110Glu
CFTR,rs397508602,G1249R,NP_000483.3:p.Gly1249Arg
GLA,rs397515870,P205T,NP_000160.1:p.Pro205Thr
GLA,rs397515874,L243F,NP_000160.1:p.Leu243Phe
GLA,rs398123212,G183D,NP_000160.1:p.Gly183Asp
GLA,rs398123217,Y216C,NP_000160.1:p.Tyr216Cys
GLA,rs398123223,L300P,NP_000160.1:p.Leu300Pro
GLA,rs398123226,D322E,NP_000160.1:p.Asp322Glu
POM121L2,rs41269255,A967P,NP_258443.2:p.Ala967Pro
UGT1A1,rs4148323,G71R,NP_000454.1:p.Gly71Arg
SLCO1B1,rs4149056,V174A,NP_006437.3:p.Val174Ala
SLCO1B3,rs4149117,S112P,NP_062818.1:p.Ser112Pro
SCARB1,rs4238001,G2S,NP_001076428.1:p.Gly2Ser
ADAMTS1,rs428785,A227S,NP_008919.3:p.Ala227Ser
APOC1,rs429358,C130R,NP_000032.1:p.Cys130Arg
ABCC1,rs45511401,G671V,NP_004987.2:p.Gly671Val
CLDN7,rs4562,V197E,NP_001298.3:p.Val197Glu
REV3L,rs462779,T1146I,NP_001273361.1:p.Thr1146Ile
CYBA,rs4673,Y72N,NP_000092.2:p.Tyr72Asn
COMT,rs4680,V158M,NP_000745.1:p.Val158Met
AGT,rs4762,T207M,NP_000020.1:p.Thr207Met
SLC16A5,rs4788863,L41M,NP_004686.1:p.Leu41Met
ZNF565,rs4805162,I188S,NP_689690.3:p.Ile188Ser
MTHFR,rs4846051,F435L,NP_005948.3:p.Phe435Leu
SOD2,rs4880,V16A,NP_001019637.1:p.Val16Ala
ADD1,rs4961,G460W,NP_054909.2:p.Gly460Trp
TLR4,rs4986790,D99G,NP_612567.1:p.Asp99Gly
CYP3A,rs4986910,M445T,NP_059488.2:p.Met445Thr
ADRB3,rs4994,W64R,NP_000016.1:p.Trp64Arg
PAH,rs5030843,R158P,NP_000268.1:p.Arg158Pro
PAH,rs5030849,R261Q,NP_000268.1:p.Arg261Gln
PAH,rs5030858,R408W,NP_000268.1:p.Arg408Trp
PAH,rs5030860,Y414C,NP_000268.1:p.Tyr414Cys
G6PD,rs5030868,S188F,NP_001035810.1:p.Ser188Phe
CYP2A6,rs5031016,I471T,NP_000753.3:p.Ile471Thr
ABCC8,rs5219,K23Q,NP_000516.3:p.Lys23Gln
SRD5A2,rs523349,L89I,NP_000339.2:p.Leu89Ile
BCHE,rs531738678,F56I,NP_000046.1:p.Phe56Ile
EDN1,rs5370,K198N,NP_001946.3:p.Lys198Asn
OPRM1,rs540825,Q402H,NP_001008505.2:p.Gln402His
CYP2C9,rs544027339,L294F,NP_000762.2:p.Leu294Phe
SULT1A1,rs544820732,P47S,NP_001046.2:p.Pro47Ser
NR3C2,rs5522,V180I,NP_001159576.1:p.Val180Ile
SULT1A1,rs552524124,T149P,NP_803880.1:p.Thr149Pro
SULT1A3,rs553050853,V18F,NP_808220.1:p.Val18Phe
AOX1,rs55754655,N1135S,NP_001150.3:p.Asn1135Ser
SLC6A12,rs557881,C10R,NP_001116319.1:p.Cys10Arg
DPYD,rs55886062,I560N,NP_000101.2:p.Ile560Asn
DPYD,rs56005131,T768K,NP_000101.2:p.Thr768Lys
C5,rs56040400,R891H,NP_001304092.1:p.Arg891His
OPRM1,rs562859,L445M,NP_001008505.2:p.Leu445Met
CYP3A4,rs56324128,G56D,NP_059488.2:p.Gly56Asp
CYP2A6,rs571335587,R190H,NP_000753.3:p.Arg190His
TLR5,rs5744174,F616L,NP_003259.2:p.Phe616Leu
UGT1A10,rs58597806,D256N,NP_066307.1:p.Asp256Asn
CETP,rs5882,V422I,NP_000069.2:p.Val422Ile
DPYD,rs59086055,R592W,NP_000101.2:p.Arg592Trp
ITGB3,rs5918,L59P,NP_000203.2:p.Leu59Pro
F13A1,rs5985,V35L,NP_000120.2:p.Val35Leu
SLCO1B3,rs60140950,G256A,NP_062818.1:p.Gly256Ala
F5,rs6025,R534L,NP_000121.2:p.Arg534Leu
CDA,rs60369023,A70T,NP_001776.1:p.Ala70Thr
GP1BA,rs6065,T161M,NP_000164.5:p.Thr161Met
SERPINE1,rs6092,A15T,NP_000593.1:p.Ala15Thr
CYP2C19,rs61311738,A173D,NP_000760.1:p.Ala173Asp
FOLR3,rs61734430,R98C,NP_000795.2:p.Arg98Cys
PRSS53,rs61742245,D36Y,NP_001298240.1:p.Asp36Tyr
UGT2B10,rs61750900,D67Y,NP_001066.1:p.Asp67Tyr
PAH,rs62516101,V388L,NP_000268.1:p.Val388Leu
AKR1C3,rs62621365,R258C,NP_003730.4:p.Arg258Cys
BDNF,rs6265,V66M,NP_001137288.1:p.Val66Met
DRD3,rs6280,G9S,NP_001269492.1:p.Gly9Ser
SLC22A1,rs628031,M408V,NP_694857.1:p.Met408Val
HTR2A,rs6314,H452Y,NP_000612.1:p.His452Tyr
HTR2C,rs6318,C23S,NP_001243689.1:p.Cys23Ser
SLC6A3,rs6350,N38K,NP_001035.1:p.Asn38Lys
DCK,rs66878317,I24F,NP_000779.1:p.Ile24Phe
A2M,rs669,I1000V,NP_000005.3:p.Ile1000Val
UGT1A10,rs6706232,E27D,NP_061966.1:p.Glu27Asp
ALDH2,rs671,E504K,NP_001191818.1:p.Glu457Lys
SULT1C3,rs6722745,M194T,NP_001008743.1:p.Met194Thr
DPYD,rs67376798,D949V,NP_000101.2:p.Asp949Val
APOB,rs676210,P2739Q,NP_000375.3:p.Pro2739Gln
APOB,rs679899,A618V,NP_000375.3:p.Ala618Val
SLC22A1,rs683369,L160F,NP_694857.1:p.Leu160Phe
GLP1R,rs6923761,G168S,NP_002053.3:p.Gly168Ser
ADH1C,rs698,I350V,NP_000660.1:p.Ile350Val
AGT,rs699,M268T,NP_000020.1:p.Met268Thr
GGCX,rs699664,R325Q,NP_000812.2:p.Arg325Gln
HLA-DRB1,rs701829,M171L,NP_002115.2:p.Met171Leu
GC,rs7041,D432E,NP_000574.2:p.Asp432Glu
KNG1,rs710446,I581T,NP_001095886.1:p.Ile581Thr
ANKK1,rs7118900,A239T,NP_848605.1:p.Ala239Thr
CES1,rs71647871,G143E,NP_001020366.1:p.Gly144Glu
PRSS53,rs7200749,P83L,NP_996560.1:p.Pro83Leu
CYP1A2,rs72547516,I386V,NP_000752.2:p.Ile386Val
CYP1A2,rs72547517,R456H,NP_000752.2:p.Arg456His
SULT1A1,rs72547527,R37L,NP_001046.2:p.Arg37Leu
VKORC1,rs72547529,V66M,NP_001298240.1:p.Val66Met
DPYD,rs72549306,V335L,NP_000101.2:p.Val335Leu
CYP2A6,rs72549435,V110I,NP_000753.3:p.Val110Ile
UGT1A10,rs72551330,M33T,NP_066307.1:p.Met33Thr
UGT1A1,rs72551344,L233R,NP_000454.1:p.Leu233Arg
ABCB1,rs72552784,A999S,NP_000918.2:p.Ala999Ser
CYP2C9,rs72558187,L90P,NP_000762.2:p.Leu90Pro
GLA,rs727504348,G373S,NP_000160.1:p.Gly373Ser
GLA,rs727505292,I253T,NP_000160.1:p.Ile253Thr
SLCO1B3,rs7311358,M233I,NP_062818.1:p.Met233Ile
ADGRL3,rs734644,N693K,NP_056051.2:p.Asn693Lys
CD3EAP,rs735482,K261R,NP_001284519.1:p.Lys261Arg
PNPLA3,rs738409,I148M,NP_079501.2:p.Ile148Met
APOC1,rs7412,R176C,NP_000032.1:p.Arg176Cys
UGT2B7,rs7439366,Y268H,NP_001065.2:p.Tyr268His
CFTR,rs74503330,S1251N,NP_000483.3:p.Ser1251Asn
BCHE,rs745364489,R414C,NP_000046.1:p.Arg414Cys
CFTR,rs74551128,A455E,NP_000483.3:p.Ala455Glu
INVS,rs7472,F911L,NP_060216.2:p.Phe911Leu
DPYD,rs748620513,V434L,NP_000101.2:p.Val434Leu
SULT1A3,rs750575779,V15M,NP_808220.1:p.Val15Met
SULT1A3,rs751527244,P101L,NP_808220.1:p.Pro101Leu
PAH,rs75193786,I65S,NP_000268.1:p.Ile65Ser
CMPK1,rs7543016,G8W,NP_057392.1:p.Gly8Trp
CFTR,rs75527207,G551D,NP_000483.3:p.Gly551Asp
CFTR,rs75541969,D1152H,NP_000483.3:p.Asp1152His
NUCB2,rs757081,Q338E,NP_005004.1:p.Gln338Glu
CEP68,rs7572857,G74S,NP_055962.2:p.Gly74Ser
SULT1A4,rs757573592,P10R,NP_001017390.1:p.Pro10Arg
FARP2,rs757978,T260I,NP_055623.1:p.Thr260Ile
SULT1A1,rs758145522,V165A,NP_803880.1:p.Val165Ala
CYP2A6,rs758479488,G115D,NP_000753.3:p.Gly115Asp
ADH1B,rs75967634,R370H,NP_000659.2:p.Arg370His
CYP2C9,rs761895497,I264S,NP_000762.2:p.Ile264Ser
CYP2C9,rs762081829,P73L,NP_000762.2:p.Pro73Leu
SULT1A3,rs762151655,R9C,NP_808220.1:p.Arg9Cys
PAH,rs76394784,R68S,NP_000268.1:p.Arg68Ser
BCHE,rs764841347,L222R,NP_000046.1:p.Leu222Arg
SULT1A1,rs765399160,M77I,NP_001046.2:p.Met77Ile
NUDT15,rs766023281,R34T,NP_060753.1:p.Arg34Thr
SULT1A4,rs767263838,S8P,NP_001017390.1:p.Ser8Pro
SULT1A1,rs767487725,Y91D,NP_803880.1:p.Tyr91Asp
CYP2A6,rs768416963,E419K,NP_000753.3:p.Glu419Lys
GAD1,rs769404,H37Q,NP_000808.2:p.His37Gln
CYP2C9,rs771237265,S115R,NP_000762.2:p.Ser115Arg
CACNA1S,rs772226819,R174W,NP_000060.2:p.Arg174Trp
CYP2A6,rs772964366,M368I,NP_000753.3:p.Met368Ile
CFTR,rs77409459,T338I,NP_000483.3:p.Thr338Ile
ADRA2A,rs775887911,P15L,NP_000672.3:p.Pro15Leu
SULT1A3,rs776817009,T7P,NP_808220.1:p.Thr7Pro
CYP2A6,rs777098658,V140A,NP_000753.3:p.Val140Ala
CYP2A6,rs778019189,F362S,NP_000753.3:p.Phe362Ser
CFTR,rs77834169,R117G,NP_000483.3:p.Arg117Gly
CFTR,rs77932196,R347L,NP_000483.3:p.Arg347Leu
CYP2C9,rs780801862,N218I,NP_000762.2:p.Asn218Ile
CFTR,rs78655421,R117H,NP_000483.3:p.Arg117His
CFTR,rs78769542,R1070Q,NP_000483.3:p.Arg1070Gln
OPRM1,rs79910351,R181C,NP_000905.3:p.Arg181Cys
CFH,rs800292,V62I,NP_001014975.1:p.Val62Ile
CFTR,rs80282562,G178R,NP_000483.3:p.Gly178Arg
CBR3,rs8133052,C4S,NP_001227.1:p.Cys4Ser
TIRAP,rs8177374,S180L,NP_683708.1:p.Ser180Leu
ABCC2,rs8187710,C1515Y,NP_000383.1:p.Cys1515Tyr
CYP2B6,rs8192709,R22C,NP_000758.1:p.Arg22Cys
CYP2A6,rs8192720,L8V,NP_000753.3:p.Leu8Val
PEAR1,rs822442,N848K,NP_001073940.1:p.Asn848Lys
TAS2R16,rs846664,N172K,NP_058641.1:p.Asn172Lys
KLC1,rs861539,T241M,NP_001093589.1:p.Thr241Met
GLA,rs869312136,D33G,NP_000160.1:p.Asp33Gly
GLA,rs869312138,L36W,NP_000160.1:p.Leu36Trp
GLA,rs869312146,M187I,NP_000160.1:p.Met187Ile
GLA,rs869312399,P259L,NP_000160.1:p.Pro259Leu
SCN4A,rs886043595,F1298C,NP_000325.4:p.Phe1298Cys
PSORS1C1,rs9263726,R37H,NP_054787.2:p.Arg37His
ABCB1,rs9282564,N21H,NP_000918.2:p.Asn21His
RRP1B,rs9306160,L436P,NP_055871.1:p.Leu436Pro
CYP2C9,rs9332239,P489S,NP_000762.2:p.Pro489Ser
MYLIP,rs9370867,N342I,NP_037394.2:p.Asn342Ile
CD68,rs9901675,A350T,NP_001242.2:p.Ala350Thr
UGT1A10,rs6759892,S7A,NP_001063.2
UGT1A4,rs6755571,P24S,NP_009051.1
UGT2B7,rs61361928,L46P,NP_001065.2
